{
    "sources": [
        {
            "author": [
                {
                    "family": "James",
                    "given": "Gareth"
                },
                {
                    "family": "Witten",
                    "given": "Daniela"
                },
                {
                    "family": "Hastie",
                    "given": "Trevor"
                },
                {
                    "family": "Tibshirani",
                    "given": "Robert"
                }
            ],
            "id": "James2013",
            "issued": {
                "date-parts": [
                    [
                        2013
                    ]
                ]
            },
            "publisher": "Springer",
            "title": "An introduction to statistical learning",
            "type": "book"
        },
        {
            "author": [
                {
                    "family": "AI",
                    "given": "Google"
                }
            ],
            "id": "Gemini_poisson_distribution",
            "issued": {
                "date-parts": [
                    [
                        2025
                    ]
                ]
            },
            "note": "Accessed: 2025-03-01. AI language model providing conversational responses to user prompts.",
            "publisher": "https://gemini.google.com/app",
            "title": "Show code in r to create a graph of 3 poisson distributions for lambda = 1, 4, 10. Show the graph with points at each of the values and lines connecting use ggplot and the library latex2exp to show the latex",
            "type": ""
        },
        {
            "author": [
                {
                    "family": "OpenAI"
                }
            ],
            "id": "chatgpt_family_cartoon",
            "issued": {
                "date-parts": [
                    [
                        2025
                    ]
                ]
            },
            "note": "Accessed: 2025-03-02. AI language model providing conversational responses to user prompts.",
            "publisher": "https://gemini.google.com/app",
            "title": "I am preparing a presentation describing poisson regression to my statistics class at graduate university level. I would like to motivate the discussion by sharing a humorous situation where the average number of children per household in the US is 1.94 and a partial child doesn’t make sense. So this gives an understanding why predicting counts is important. Can you produce a cartoon to help illustrate this point? Specifically create a cartoon which has a mother and father and 2 children standing outside in front of a house with white picket fence. However 1 child should be drawn semi-transparent to depict the 0.94 child. They should have a speech bubble saying \"i’m the 0.94!\". There should be no other speech bubbles or words on the cartoon.",
            "type": ""
        },
        {
            "URL": "https://www2.census.gov/programs-surveys/demo/tables/families/time-series/families/fm3.xls",
            "author": [
                {
                    "literal": "U.S. Census Bureau"
                }
            ],
            "id": "census_table_year",
            "issued": {
                "date-parts": [
                    [
                        2024
                    ]
                ]
            },
            "note": "Accessed: 2025-03-01",
            "title": "Table FM-3. Average number of own children under 18 per family, by type of family: 1955 to 2023",
            "title-short": "Table FM-3. Average number of own children under 18 per family, by type of family",
            "type": ""
        },
        {
            "author": [
                {
                    "family": "Yu",
                    "given": "Cheng-Han"
                }
            ],
            "id": "Lecture_GLM",
            "issued": {
                "date-parts": [
                    [
                        2025
                    ]
                ]
            },
            "note": "Accessed: 2025-03-02. Class Notes from MSSC 6250 Spring 2025",
            "publisher": "https://mssc6250-s25.github.io/website/slides/09-class-glm.html#/generalized-linear-models-in-greater-generality",
            "title": "GEneralized linear models in greater generality",
            "type": ""
        },
        {
            "author": [
                {
                    "family": "Wikipedia"
                }
            ],
            "id": "wikipedia_glm",
            "issued": {
                "date-parts": [
                    [
                        2025
                    ]
                ]
            },
            "note": "[Online; accessed 02-March-2025]",
            "publisher": "http://en.wikipedia.org/w/index.php?title=Generalized%20linear%20model&oldid=1277345835",
            "title": "Generalized linear model — Wikipedia, the free encyclopedia",
            "type": ""
        },
        {
            "author": [
                {
                    "family": "Yu",
                    "given": "Cheng-Han"
                }
            ],
            "id": "Lecture_Logistic_Function",
            "issued": {
                "date-parts": [
                    [
                        2025
                    ]
                ]
            },
            "note": "Accessed: 2025-03-02. Class Notes from MSSC 6250 Spring 2025",
            "publisher": "https://mssc6250-s25.github.io/website/slides/09-class-glm.html#/logistic-function",
            "title": "Logistic function",
            "type": ""
        },
        {
            "author": [
                {
                    "family": "OpenAI"
                }
            ],
            "id": "chatgpt_poisson_eda",
            "issued": {
                "date-parts": [
                    [
                        2025
                    ]
                ]
            },
            "note": "Accessed: 2025-03-02. AI language model providing conversational responses to user prompts.",
            "publisher": "https://chatgpt.com",
            "title": "Simulate a poisson distributed dataset for poisson regression with predictor x1 as continuous between 0 and 10 and x2 as categorical a or b. Now as part of my EDA, i want to show that this data has variance = mean. First plot is just a jitter plot with x1 and y and an abline showing the relationship between x1 and y. Second plot should be a mean-variance plot between x1 and y that shows the relationship between mean and variance (variance increases with mean and there ratio is close to 1).",
            "type": ""
        },
        {
            "author": [
                {
                    "family": "Roback",
                    "given": "Paul"
                },
                {
                    "family": "Legler",
                    "given": "Julie"
                }
            ],
            "collection-title": "Chapman & hall/CRC texts in statistical science",
            "id": "beyond",
            "issued": {
                "date-parts": [
                    [
                        2020,
                        12
                    ]
                ]
            },
            "note": "Online access: https://bookdown.org/roback/bookdown-BeyondMLR/",
            "publisher": "Chapman & Hall/CRC",
            "publisher-place": "Philadelphia, PA",
            "title": "Beyond multiple linear regression",
            "type": "book"
        }
    ],
    "project_biblios": []
}